<?xml version="1.0" encoding="utf-8"?><countries><country><iso>AD</iso><name>Andorra</name></country><country><iso>AE</iso><name>United Arab Emirates</name></country><country><iso>AF</iso><name>Afghanistan</name></country><country><iso>AG</iso><name>Antigua and Barbuda</name></country><country><iso>AI</iso><name>Anguilla</name></country><country><iso>AL</iso><name>Albania</name></country><country><iso>AM</iso><name>Armenia</name></country><country><iso>AN</iso><name>Netherlands Antilles</name></country><country><iso>AO</iso><name>Angola</name></country><country><iso>AQ</iso><name>Antarctica</name></country><country><iso>AR</iso><name>Argentina</name></country><country><iso>AS</iso><name>American Samoa</name></country><country><iso>AT</iso><name>Austria</name></country><country><iso>AU</iso><name>Australia</name></country><country><iso>AW</iso><name>Aruba</name></country><country><iso>AX</iso><name>Åland Islands</name></country><country><iso>AZ</iso><name>Azerbaijan</name></country><country><iso>BA</iso><name>Bosnia and Herzegovina</name></country><country><iso>BB</iso><name>Barbados</name></country><country><iso>BD</iso><name>Bangladesh</name></country><country><iso>BE</iso><name>Belgium</name></country><country><iso>BF</iso><name>Burkina Faso</name></country><country><iso>BG</iso><name>Bulgaria</name></country><country><iso>BH</iso><name>Bahrain</name></country><country><iso>BI</iso><name>Burundi</name></country><country><iso>BJ</iso><name>Benin</name></country><country><iso>BL</iso><name>Saint Barthélemy</name></country><country><iso>BM</iso><name>Bermuda</name></country><country><iso>BN</iso><name>Brunei</name></country><country><iso>BO</iso><name>Bolivia</name></country><country><iso>BQ</iso><name>British Antarctic Territory</name></country><country><iso>BR</iso><name>Brazil</name></country><country><iso>BS</iso><name>Bahamas</name></country><country><iso>BT</iso><name>Bhutan</name></country><country><iso>BV</iso><name>Bouvet Island</name></country><country><iso>BW</iso><name>Botswana</name></country><country><iso>BY</iso><name>Belarus</name></country><country><iso>BZ</iso><name>Belize</name></country><country><iso>CA</iso><name>Canada</name></country><country><iso>CC</iso><name>Cocos [Keeling] Islands</name></country><country><iso>CD</iso><name>Congo - Kinshasa</name></country><country><iso>CF</iso><name>Central African Republic</name></country><country><iso>CG</iso><name>Congo - Brazzaville</name></country><country><iso>CH</iso><name>Switzerland</name></country><country><iso>CI</iso><name>Côte d’Ivoire</name></country><country><iso>CK</iso><name>Cook Islands</name></country><country><iso>CL</iso><name>Chile</name></country><country><iso>CM</iso><name>Cameroon</name></country><country><iso>CN</iso><name>China</name></country><country><iso>CO</iso><name>Colombia</name></country><country><iso>CR</iso><name>Costa Rica</name></country><country><iso>CS</iso><name>Serbia and Montenegro</name></country><country><iso>CT</iso><name>Canton and Enderbury Islands</name></country><country><iso>CU</iso><name>Cuba</name></country><country><iso>CV</iso><name>Cape Verde</name></country><country><iso>CX</iso><name>Christmas Island</name></country><country><iso>CY</iso><name>Cyprus</name></country><country><iso>CZ</iso><name>Czech Republic</name></country><country><iso>DD</iso><name>East Germany</name></country><country><iso>DE</iso><name>Germany</name></country><country><iso>DJ</iso><name>Djibouti</name></country><country><iso>DK</iso><name>Denmark</name></country><country><iso>DM</iso><name>Dominica</name></country><country><iso>DO</iso><name>Dominican Republic</name></country><country><iso>DZ</iso><name>Algeria</name></country><country><iso>EC</iso><name>Ecuador</name></country><country><iso>EE</iso><name>Estonia</name></country><country><iso>EG</iso><name>Egypt</name></country><country><iso>EH</iso><name>Western Sahara</name></country><country><iso>ER</iso><name>Eritrea</name></country><country><iso>ES</iso><name>Spain</name></country><country><iso>ET</iso><name>Ethiopia</name></country><country><iso>FI</iso><name>Finland</name></country><country><iso>FJ</iso><name>Fiji</name></country><country><iso>FK</iso><name>Falkland Islands</name></country><country><iso>FM</iso><name>Micronesia</name></country><country><iso>FO</iso><name>Faroe Islands</name></country><country><iso>FQ</iso><name>French Southern and Antarctic Territories</name></country><country><iso>FR</iso><name>France</name></country><country><iso>FX</iso><name>Metropolitan France</name></country><country><iso>GA</iso><name>Gabon</name></country><country><iso>GB</iso><name>United Kingdom</name></country><country><iso>GD</iso><name>Grenada</name></country><country><iso>GE</iso><name>Georgia</name></country><country><iso>GF</iso><name>French Guiana</name></country><country><iso>GG</iso><name>Guernsey</name></country><country><iso>GH</iso><name>Ghana</name></country><country><iso>GI</iso><name>Gibraltar</name></country><country><iso>GL</iso><name>Greenland</name></country><country><iso>GM</iso><name>Gambia</name></country><country><iso>GN</iso><name>Guinea</name></country><country><iso>GP</iso><name>Guadeloupe</name></country><country><iso>GQ</iso><name>Equatorial Guinea</name></country><country><iso>GR</iso><name>Greece</name></country><country><iso>GS</iso><name>South Georgia and the South Sandwich Islands</name></country><country><iso>GT</iso><name>Guatemala</name></country><country><iso>GU</iso><name>Guam</name></country><country><iso>GW</iso><name>Guinea-Bissau</name></country><country><iso>GY</iso><name>Guyana</name></country><country><iso>HK</iso><name>Hong Kong SAR China</name></country><country><iso>HM</iso><name>Heard Island and McDonald Islands</name></country><country><iso>HN</iso><name>Honduras</name></country><country><iso>HR</iso><name>Croatia</name></country><country><iso>HT</iso><name>Haiti</name></country><country><iso>HU</iso><name>Hungary</name></country><country><iso>ID</iso><name>Indonesia</name></country><country><iso>IE</iso><name>Ireland</name></country><country><iso>IL</iso><name>Israel</name></country><country><iso>IM</iso><name>Isle of Man</name></country><country><iso>IN</iso><name>India</name></country><country><iso>IO</iso><name>British Indian Ocean Territory</name></country><country><iso>IQ</iso><name>Iraq</name></country><country><iso>IR</iso><name>Iran</name></country><country><iso>IS</iso><name>Iceland</name></country><country><iso>IT</iso><name>Italy</name></country><country><iso>JE</iso><name>Jersey</name></country><country><iso>JM</iso><name>Jamaica</name></country><country><iso>JO</iso><name>Jordan</name></country><country><iso>JP</iso><name>Japan</name></country><country><iso>JT</iso><name>Johnston Island</name></country><country><iso>KE</iso><name>Kenya</name></country><country><iso>KG</iso><name>Kyrgyzstan</name></country><country><iso>KH</iso><name>Cambodia</name></country><country><iso>KI</iso><name>Kiribati</name></country><country><iso>KM</iso><name>Comoros</name></country><country><iso>KN</iso><name>Saint Kitts and Nevis</name></country><country><iso>KP</iso><name>North Korea</name></country><country><iso>KR</iso><name>South Korea</name></country><country><iso>KW</iso><name>Kuwait</name></country><country><iso>KY</iso><name>Cayman Islands</name></country><country><iso>KZ</iso><name>Kazakhstan</name></country><country><iso>LA</iso><name>Laos</name></country><country><iso>LB</iso><name>Lebanon</name></country><country><iso>LC</iso><name>Saint Lucia</name></country><country><iso>LI</iso><name>Liechtenstein</name></country><country><iso>LK</iso><name>Sri Lanka</name></country><country><iso>LR</iso><name>Liberia</name></country><country><iso>LS</iso><name>Lesotho</name></country><country><iso>LT</iso><name>Lithuania</name></country><country><iso>LU</iso><name>Luxembourg</name></country><country><iso>LV</iso><name>Latvia</name></country><country><iso>LY</iso><name>Libya</name></country><country><iso>MA</iso><name>Morocco</name></country><country><iso>MC</iso><name>Monaco</name></country><country><iso>MD</iso><name>Moldova</name></country><country><iso>ME</iso><name>Montenegro</name></country><country><iso>MF</iso><name>Saint Martin</name></country><country><iso>MG</iso><name>Madagascar</name></country><country><iso>MH</iso><name>Marshall Islands</name></country><country><iso>MI</iso><name>Midway Islands</name></country><country><iso>MK</iso><name>Macedonia</name></country><country><iso>ML</iso><name>Mali</name></country><country><iso>MM</iso><name>Myanmar [Burma]</name></country><country><iso>MN</iso><name>Mongolia</name></country><country><iso>MO</iso><name>Macau SAR China</name></country><country><iso>MP</iso><name>Northern Mariana Islands</name></country><country><iso>MQ</iso><name>Martinique</name></country><country><iso>MR</iso><name>Mauritania</name></country><country><iso>MS</iso><name>Montserrat</name></country><country><iso>MT</iso><name>Malta</name></country><country><iso>MU</iso><name>Mauritius</name></country><country><iso>MV</iso><name>Maldives</name></country><country><iso>MW</iso><name>Malawi</name></country><country><iso>MX</iso><name>Mexico</name></country><country><iso>MY</iso><name>Malaysia</name></country><country><iso>MZ</iso><name>Mozambique</name></country><country><iso>NA</iso><name>Namibia</name></country><country><iso>NC</iso><name>New Caledonia</name></country><country><iso>NE</iso><name>Niger</name></country><country><iso>NF</iso><name>Norfolk Island</name></country><country><iso>NG</iso><name>Nigeria</name></country><country><iso>NI</iso><name>Nicaragua</name></country><country><iso>NL</iso><name>Netherlands</name></country><country><iso>NO</iso><name>Norway</name></country><country><iso>NP</iso><name>Nepal</name></country><country><iso>NQ</iso><name>Dronning Maud Land</name></country><country><iso>NR</iso><name>Nauru</name></country><country><iso>NT</iso><name>Neutral Zone</name></country><country><iso>NU</iso><name>Niue</name></country><country><iso>NZ</iso><name>New Zealand</name></country><country><iso>OM</iso><name>Oman</name></country><country><iso>PA</iso><name>Panama</name></country><country><iso>PC</iso><name>Pacific Islands Trust Territory</name></country><country><iso>PE</iso><name>Peru</name></country><country><iso>PF</iso><name>French Polynesia</name></country><country><iso>PG</iso><name>Papua New Guinea</name></country><country><iso>PH</iso><name>Philippines</name></country><country><iso>PK</iso><name>Pakistan</name></country><country><iso>PL</iso><name>Poland</name></country><country><iso>PM</iso><name>Saint Pierre and Miquelon</name></country><country><iso>PN</iso><name>Pitcairn Islands</name></country><country><iso>PR</iso><name>Puerto Rico</name></country><country><iso>PS</iso><name>Palestinian Territories</name></country><country><iso>PT</iso><name>Portugal</name></country><country><iso>PU</iso><name>U.S. Miscellaneous Pacific Islands</name></country><country><iso>PW</iso><name>Palau</name></country><country><iso>PY</iso><name>Paraguay</name></country><country><iso>PZ</iso><name>Panama Canal Zone</name></country><country><iso>QA</iso><name>Qatar</name></country><country><iso>RE</iso><name>Réunion</name></country><country><iso>RO</iso><name>Romania</name></country><country><iso>RS</iso><name>Serbia</name></country><country><iso>RU</iso><name>Russia</name></country><country><iso>RW</iso><name>Rwanda</name></country><country><iso>SA</iso><name>Saudi Arabia</name></country><country><iso>SB</iso><name>Solomon Islands</name></country><country><iso>SC</iso><name>Seychelles</name></country><country><iso>SD</iso><name>Sudan</name></country><country><iso>SE</iso><name>Sweden</name></country><country><iso>SG</iso><name>Singapore</name></country><country><iso>SH</iso><name>Saint Helena</name></country><country><iso>SI</iso><name>Slovenia</name></country><country><iso>SJ</iso><name>Svalbard and Jan Mayen</name></country><country><iso>SK</iso><name>Slovakia</name></country><country><iso>SL</iso><name>Sierra Leone</name></country><country><iso>SM</iso><name>San Marino</name></country><country><iso>SN</iso><name>Senegal</name></country><country><iso>SO</iso><name>Somalia</name></country><country><iso>SR</iso><name>Suriname</name></country><country><iso>ST</iso><name>São Tomé and Príncipe</name></country><country><iso>SU</iso><name>Union of Soviet Socialist Republics</name></country><country><iso>SV</iso><name>El Salvador</name></country><country><iso>SY</iso><name>Syria</name></country><country><iso>SZ</iso><name>Swaziland</name></country><country><iso>TC</iso><name>Turks and Caicos Islands</name></country><country><iso>TD</iso><name>Chad</name></country><country><iso>TF</iso><name>French Southern Territories</name></country><country><iso>TG</iso><name>Togo</name></country><country><iso>TH</iso><name>Thailand</name></country><country><iso>TJ</iso><name>Tajikistan</name></country><country><iso>TK</iso><name>Tokelau</name></country><country><iso>TL</iso><name>Timor-Leste</name></country><country><iso>TM</iso><name>Turkmenistan</name></country><country><iso>TN</iso><name>Tunisia</name></country><country><iso>TO</iso><name>Tonga</name></country><country><iso>TR</iso><name>Turkey</name></country><country><iso>TT</iso><name>Trinidad and Tobago</name></country><country><iso>TV</iso><name>Tuvalu</name></country><country><iso>TW</iso><name>Taiwan</name></country><country><iso>TZ</iso><name>Tanzania</name></country><country><iso>UA</iso><name>Ukraine</name></country><country><iso>UG</iso><name>Uganda</name></country><country><iso>UM</iso><name>U.S. Minor Outlying Islands</name></country><country><iso>US</iso><name>United States</name></country><country><iso>UY</iso><name>Uruguay</name></country><country><iso>UZ</iso><name>Uzbekistan</name></country><country><iso>VA</iso><name>Vatican City</name></country><country><iso>VC</iso><name>Saint Vincent and the Grenadines</name></country><country><iso>VD</iso><name>North Vietnam</name></country><country><iso>VE</iso><name>Venezuela</name></country><country><iso>VG</iso><name>British Virgin Islands</name></country><country><iso>VI</iso><name>U.S. Virgin Islands</name></country><country><iso>VN</iso><name>Vietnam</name></country><country><iso>VU</iso><name>Vanuatu</name></country><country><iso>WF</iso><name>Wallis and Futuna</name></country><country><iso>WK</iso><name>Wake Island</name></country><country><iso>WS</iso><name>Samoa</name></country><country><iso>YD</iso><name>People's Democratic Republic of Yemen</name></country><country><iso>YE</iso><name>Yemen</name></country><country><iso>YT</iso><name>Mayotte</name></country><country><iso>ZA</iso><name>South Africa</name></country><country><iso>ZM</iso><name>Zambia</name></country><country><iso>ZW</iso><name>Zimbabwe</name></country><country><iso>ZZ</iso><name>Unknown or Invalid Region</name></country></countries>